日期,股票代码,名称,收盘价,最高价,最低价,开盘价,前收盘,涨跌额,涨跌幅,成交量,成交金额
2020-07-22,'300743,天地数码,16.87,17.21,16.76,17.08,16.97,-0.1,-0.5893,1351950,23029586.0
2020-07-21,'300743,天地数码,16.97,17.22,16.68,17.19,17.02,-0.05,-0.2938,970257,16454609.37
2020-07-20,'300743,天地数码,17.02,17.05,16.12,16.35,16.26,0.76,4.674,1622500,27080286.0
2020-07-17,'300743,天地数码,16.26,16.5,16.05,16.22,16.33,-0.07,-0.4287,1201538,19530323.9
2020-07-16,'300743,天地数码,16.33,17.21,16.17,17.07,17.03,-0.7,-4.1104,1761300,29563711.0
2020-07-15,'300743,天地数码,17.03,17.79,17.0,17.7,17.65,-0.62,-3.5127,1917750,33153447.0
2020-07-14,'300743,天地数码,17.65,18.01,17.25,17.77,17.74,-0.09,-0.5073,2250603,39679744.25
2020-07-13,'300743,天地数码,17.74,17.78,17.22,17.22,17.22,0.52,3.0197,2312915,40800424.95
2020-07-10,'300743,天地数码,17.22,17.98,17.19,17.7,17.73,-0.51,-2.8765,3057264,53606741.8
2020-07-09,'300743,天地数码,17.73,17.81,17.34,17.48,17.32,0.41,2.3672,3011614,52968709.32
2020-07-08,'300743,天地数码,17.32,17.35,16.96,17.0,17.14,0.18,1.0502,2728495,46805915.08
2020-07-07,'300743,天地数码,17.14,17.38,16.71,17.05,16.93,0.21,1.2404,3316059,56623479.07
2020-07-06,'300743,天地数码,16.93,16.99,16.38,16.45,16.4,0.53,3.2317,3129028,52266049.7
2020-07-03,'300743,天地数码,16.4,16.42,16.13,16.2,16.26,0.14,0.861,1888867,30734167.81
2020-07-02,'300743,天地数码,16.26,16.5,16.12,16.24,16.2,0.06,0.3704,2254600,36715579.44
2020-07-01,'300743,天地数码,16.4,16.93,16.21,16.67,16.89,-0.49,-2.9011,3199603,52908052.21
2020-06-30,'300743,天地数码,16.89,17.12,16.44,16.6,16.94,-0.05,-0.2952,3933800,65660540.0
2020-06-29,'300743,天地数码,16.94,18.88,16.9,18.68,17.94,-1.0,-5.5741,6202671,109158269.45
2020-06-24,'300743,天地数码,17.94,19.06,17.51,19.04,17.33,0.61,3.5199,9623282,177942564.18
2020-06-23,'300743,天地数码,17.33,17.33,16.0,16.0,15.75,1.58,10.0317,2679031,45214579.73
2020-06-22,'300743,天地数码,15.75,16.11,15.75,16.02,16.07,-0.32,-1.9913,894837,14217392.98
2020-06-19,'300743,天地数码,16.07,16.25,16.03,16.25,16.05,0.02,0.1246,826853,13311593.8
2020-06-18,'300743,天地数码,16.05,16.32,16.01,16.25,16.24,-0.19,-1.17,1015150,16350600.5
2020-06-17,'300743,天地数码,16.24,16.29,15.87,16.0,15.99,0.25,1.5635,1419850,22905564.1
2020-06-16,'300743,天地数码,15.99,16.06,15.8,15.85,15.76,0.23,1.4594,1038500,16551100.0
2020-06-15,'300743,天地数码,15.76,15.79,15.5,15.58,15.61,0.15,0.9609,843966,13242089.82
2020-06-12,'300743,天地数码,15.61,15.64,15.42,15.59,15.76,-0.15,-0.9518,708420,11000324.2
2020-06-11,'300743,天地数码,15.76,15.9,15.6,15.71,15.65,0.11,0.7029,828700,13056126.5
2020-06-10,'300743,天地数码,15.65,15.67,15.5,15.6,15.6,0.05,0.3205,527552,8223050.52
2020-06-09,'300743,天地数码,15.6,15.65,15.43,15.44,15.5,0.1,0.6452,610824,9498260.18
2020-06-08,'300743,天地数码,15.5,15.72,15.44,15.56,15.56,-0.06,-0.3856,622020,9688063.0
2020-06-05,'300743,天地数码,15.56,15.75,15.38,15.66,15.65,-0.09,-0.5751,858562,13336460.34
2020-06-04,'300743,天地数码,15.65,15.81,15.55,15.59,15.59,0.06,0.3849,716700,11220255.22
2020-06-03,'300743,天地数码,15.59,16.32,15.57,15.99,16.09,-0.5,-3.1075,1494800,23646746.17
2020-06-02,'300743,天地数码,16.09,16.1,15.72,15.76,15.75,0.34,2.1587,1278950,20404133.76
2020-06-01,'300743,天地数码,15.75,15.84,15.51,15.52,15.52,0.23,1.482,1252878,19682781.34
2020-05-29,'300743,天地数码,15.52,16.0,15.49,15.96,15.77,-0.25,-1.5853,1323603,20722648.92
2020-05-28,'300743,天地数码,15.77,15.89,15.37,15.37,15.49,0.28,1.8076,2620028,41003015.52
2020-05-27,'300743,天地数码,15.49,15.5,15.15,15.4,15.4,0.09,0.5844,799046,12292110.66
2020-05-26,'300743,天地数码,15.4,15.44,15.12,15.16,15.15,0.25,1.6502,871615,13367146.05
2020-05-25,'300743,天地数码,15.15,15.47,14.98,15.06,15.1,0.05,0.3311,627000,9520870.0
2020-05-22,'300743,天地数码,15.1,15.19,14.85,15.16,15.13,-0.03,-0.1983,655800,9860882.5
2020-05-21,'300743,天地数码,15.13,15.27,14.95,15.27,15.14,-0.01,-0.0661,551650,8347240.86
2020-05-20,'300743,天地数码,15.14,15.6,15.05,15.3,15.38,-0.24,-1.5605,822600,12519338.5
2020-05-19,'300743,天地数码,15.38,15.96,14.95,14.98,14.82,0.56,3.7787,1560961,24019561.08
2020-05-18,'300743,天地数码,14.82,15.24,14.78,15.24,15.06,-0.24,-1.5936,755450,11265052.5
2020-05-15,'300743,天地数码,15.06,15.29,15.05,15.16,15.11,-0.05,-0.3309,552116,8373523.68
2020-05-14,'300743,天地数码,15.11,15.37,15.1,15.24,15.33,-0.22,-1.4351,513050,7784299.5
2020-05-13,'300743,天地数码,15.33,15.4,15.12,15.2,15.34,-0.01,-0.0652,483496,7386584.72
2020-05-12,'300743,天地数码,15.34,15.44,15.06,15.31,15.45,-0.11,-0.712,533250,8135916.0
2020-05-11,'300743,天地数码,15.45,15.67,15.12,15.51,15.45,0.0,0.0,703703,10860507.38
2020-05-08,'300743,天地数码,15.45,15.58,15.19,15.23,15.14,0.31,2.0476,877800,13550572.0
2020-05-07,'300743,天地数码,15.14,15.7,15.07,15.43,15.43,-0.29,-1.8795,858250,13139279.58
2020-05-06,'300743,天地数码,15.43,15.43,14.73,15.0,15.0,0.43,2.8667,823542,12550427.72
2020-04-30,'300743,天地数码,15.0,15.12,14.59,14.59,14.47,0.53,3.6628,980401,14630926.9
2020-04-29,'300743,天地数码,14.47,14.85,14.36,14.63,14.63,-0.16,-1.0936,842400,12283044.0
2020-04-28,'300743,天地数码,14.63,15.57,14.25,15.57,15.62,-0.99,-6.338,1264150,18732388.0
2020-04-27,'300743,天地数码,15.62,16.07,15.35,16.01,16.08,-0.46,-2.8607,1196050,18741522.5
2020-04-24,'300743,天地数码,16.08,16.35,16.0,16.32,16.31,-0.23,-1.4102,776850,12533361.5
2020-04-23,'300743,天地数码,16.31,16.59,16.31,16.5,16.5,-0.19,-1.1515,619600,10160739.0
2020-04-22,'300743,天地数码,16.5,16.6,16.16,16.33,16.31,0.19,1.1649,742200,12171235.0
2020-04-21,'300743,天地数码,16.31,16.55,16.13,16.5,16.53,-0.22,-1.3309,812502,13219752.48
2020-04-20,'300743,天地数码,16.53,16.6,16.11,16.43,16.45,0.08,0.4863,845700,13855840.5
2020-04-17,'300743,天地数码,16.45,16.65,16.33,16.4,16.27,0.18,1.1063,937054,15474091.74
2020-04-16,'300743,天地数码,16.27,16.37,15.98,16.37,16.33,-0.06,-0.3674,754850,12201446.0
2020-04-15,'300743,天地数码,16.33,16.66,16.22,16.55,16.55,-0.22,-1.3293,736150,12095321.0
2020-04-14,'300743,天地数码,16.55,16.58,16.28,16.35,16.24,0.31,1.9089,585704,9637654.82
2020-04-13,'300743,天地数码,16.24,16.57,16.22,16.57,16.56,-0.32,-1.9324,485996,7937836.8
2020-04-10,'300743,天地数码,16.56,17.2,16.38,17.2,17.35,-0.79,-4.5533,1270850,21239401.0
2020-04-09,'300743,天地数码,17.35,17.41,17.2,17.22,17.2,0.15,0.8721,817200,14129089.5
2020-04-08,'300743,天地数码,17.2,17.24,16.92,17.21,17.14,0.06,0.3501,694900,11904788.0
2020-04-07,'300743,天地数码,17.14,17.21,16.98,16.98,16.69,0.45,2.6962,902670,15436852.34
2020-04-03,'300743,天地数码,16.69,17.12,16.49,16.96,16.96,-0.27,-1.592,611906,10253394.26
2020-04-02,'300743,天地数码,16.96,17.0,16.4,16.4,16.61,0.35,2.1072,674450,11257918.0
2020-04-01,'300743,天地数码,16.61,17.02,16.61,16.68,16.8,-0.19,-1.131,597450,10037451.0
2020-03-31,'300743,天地数码,16.8,17.36,16.64,16.99,16.75,0.05,0.2985,577030,9745408.2
2020-03-30,'300743,天地数码,16.75,17.26,16.51,16.99,17.35,-0.6,-3.4582,816150,13699513.0
2020-03-27,'300743,天地数码,17.35,17.85,17.23,17.85,17.65,-0.3,-1.6997,763326,13411130.88
2020-03-26,'300743,天地数码,17.65,17.78,17.38,17.55,17.57,0.08,0.4553,968400,17055130.0
2020-03-25,'300743,天地数码,17.57,17.79,17.42,17.5,17.25,0.32,1.8551,1198004,21097752.22
2020-03-24,'300743,天地数码,17.25,17.32,16.78,16.8,16.64,0.61,3.6659,1135500,19319021.0
2020-03-23,'300743,天地数码,16.64,17.25,16.58,16.81,17.24,-0.6,-3.4803,913504,15399385.34
2020-03-20,'300743,天地数码,17.24,17.26,16.76,17.0,16.89,0.35,2.0722,995252,16943436.8
2020-03-19,'300743,天地数码,16.89,17.0,16.33,16.41,16.59,0.3,1.8083,1092200,18191655.5
2020-03-18,'300743,天地数码,16.59,17.53,16.58,17.3,17.05,-0.46,-2.6979,1171550,19988022.5
2020-03-17,'300743,天地数码,17.05,17.72,16.54,17.72,17.3,-0.25,-1.4451,1115650,19091076.5
2020-03-16,'300743,天地数码,17.3,18.42,17.11,18.26,18.17,-0.87,-4.7881,1594346,28466704.03
2020-03-13,'300743,天地数码,18.17,18.3,17.4,17.8,18.62,-0.45,-2.4168,1822854,32484950.44
2020-03-12,'300743,天地数码,18.62,19.1,18.4,18.85,19.19,-0.57,-2.9703,1515120,28276594.9
2020-03-11,'300743,天地数码,19.19,19.77,18.86,18.87,18.8,0.39,2.0745,2749803,53092531.02
2020-03-10,'300743,天地数码,18.8,18.8,17.64,18.1,18.37,0.43,2.3408,1838830,33698156.5
2020-03-09,'300743,天地数码,18.37,19.2,18.3,18.98,19.2,-0.83,-4.3229,1748461,32667306.68
2020-03-06,'300743,天地数码,19.2,19.4,18.75,18.96,19.28,-0.08,-0.4149,1616700,30878475.0
2020-03-05,'300743,天地数码,19.28,19.42,19.08,19.31,19.07,0.21,1.1012,1591400,30637745.0
2020-03-04,'300743,天地数码,19.07,19.25,18.57,19.0,19.15,-0.08,-0.4178,1628300,30811671.5
2020-03-03,'300743,天地数码,19.15,19.42,18.75,18.97,18.55,0.6,3.2345,2149364,41071974.98
2020-03-02,'300743,天地数码,18.55,18.76,17.72,17.72,17.63,0.92,5.2184,2277086,41895201.9
2020-02-28,'300743,天地数码,17.63,18.91,17.55,18.91,19.49,-1.86,-9.5434,3232160,58993801.32
2020-02-27,'300743,天地数码,19.49,20.34,19.45,20.34,20.11,-0.62,-3.083,3083070,60948932.86
2020-02-26,'300743,天地数码,20.11,21.05,19.8,21.05,21.15,-1.04,-4.9173,3385329,69613211.53
2020-02-25,'300743,天地数码,21.15,21.98,20.02,21.0,21.16,-0.01,-0.0473,7078600,147948084.04
2020-02-24,'300743,天地数码,21.16,21.16,19.08,19.08,19.24,1.92,9.9792,4733950,96597619.0
2020-02-21,'300743,天地数码,19.24,19.38,18.86,18.9,18.97,0.27,1.4233,2042850,39136409.5
2020-02-20,'300743,天地数码,18.97,19.04,18.61,18.86,18.85,0.12,0.6366,1806300,34084102.4
2020-02-19,'300743,天地数码,18.85,18.96,18.54,18.66,18.77,0.08,0.4262,2021700,37912692.4
2020-02-18,'300743,天地数码,18.77,18.84,18.41,18.41,18.43,0.34,1.8448,1770502,33066030.32
2020-02-17,'300743,天地数码,18.43,18.55,17.78,17.82,17.83,0.6,3.3651,1449250,26488443.0
2020-02-14,'300743,天地数码,17.83,18.03,17.61,17.71,17.65,0.18,1.0198,920370,16431186.9
2020-02-13,'300743,天地数码,17.65,18.09,17.58,17.81,17.85,-0.2,-1.1204,984000,17495010.5
2020-02-12,'300743,天地数码,17.85,17.99,17.24,17.41,17.67,0.18,1.0187,982251,17453029.76
2020-02-11,'300743,天地数码,17.67,18.37,17.0,18.37,18.02,-0.35,-1.9423,1637300,29160306.0
2020-02-10,'300743,天地数码,18.02,18.98,17.15,17.15,17.34,0.68,3.9216,2232300,40078699.5
2020-02-07,'300743,天地数码,17.34,17.48,16.91,16.98,16.85,0.49,2.908,1571750,27045587.0
2020-02-06,'300743,天地数码,16.85,17.0,16.27,16.6,16.51,0.34,2.0594,1665850,27916239.0
2020-02-05,'300743,天地数码,16.51,16.75,16.15,16.15,16.15,0.36,2.2291,1813250,29945177.0
2020-02-04,'300743,天地数码,16.15,16.56,15.6,15.6,17.33,-1.18,-6.809,2167100,35027388.52
2020-02-03,'300743,天地数码,17.33,17.33,17.33,17.33,19.25,-1.92,-9.974,324500,5623585.0
2020-01-23,'300743,天地数码,19.25,20.0,18.02,19.86,19.99,-0.74,-3.7019,1471100,28342769.8
2020-01-22,'300743,天地数码,19.99,20.1,19.51,19.97,19.97,0.02,0.1002,1001454,19824773.24
2020-01-21,'300743,天地数码,19.97,20.4,19.91,20.39,20.49,-0.52,-2.5378,1296950,26105297.0
2020-01-20,'300743,天地数码,20.49,20.5,20.04,20.38,20.31,0.18,0.8863,1116352,22625594.58
2020-01-17,'300743,天地数码,20.31,20.67,20.29,20.51,20.56,-0.25,-1.216,1191894,24404644.25
2020-01-16,'300743,天地数码,20.56,20.9,20.53,20.71,20.71,-0.15,-0.7243,1048166,21672251.52
2020-01-15,'300743,天地数码,20.71,21.4,20.64,21.1,21.13,-0.42,-1.9877,1295905,27022463.4
2020-01-14,'300743,天地数码,21.13,21.55,20.62,20.93,20.85,0.28,1.3429,2190571,46346220.58
2020-01-13,'300743,天地数码,20.85,20.9,20.42,20.9,20.86,-0.01,-0.0479,1085850,22460305.0
2020-01-10,'300743,天地数码,20.86,21.16,20.68,21.16,21.05,-0.19,-0.9026,1477260,30835422.6
2020-01-09,'300743,天地数码,21.05,21.09,20.75,20.81,20.63,0.42,2.0359,1559952,32728130.62
2020-01-08,'300743,天地数码,20.63,21.09,20.58,20.7,20.92,-0.29,-1.3862,1725064,35887517.46
2020-01-07,'300743,天地数码,20.92,20.92,20.39,20.6,20.57,0.35,1.7015,1649100,34255691.1
2020-01-06,'300743,天地数码,20.57,20.64,20.1,20.3,20.43,0.14,0.6853,1601150,32753112.5
2020-01-03,'300743,天地数码,20.43,20.62,20.34,20.6,20.59,-0.16,-0.7771,1549300,31671038.5
2020-01-02,'300743,天地数码,20.59,20.68,20.33,20.37,20.26,0.33,1.6288,1533300,31523651.54
2019-12-31,'300743,天地数码,20.26,20.5,20.24,20.5,20.39,-0.13,-0.6376,675048,13730220.9
2019-12-30,'300743,天地数码,20.39,20.45,19.9,20.22,20.28,0.11,0.5424,1090850,22053163.0
2019-12-27,'300743,天地数码,20.28,20.69,20.26,20.6,20.51,-0.23,-1.1214,1093250,22369147.5
2019-12-26,'300743,天地数码,20.51,20.53,20.29,20.36,20.36,0.15,0.7367,1063050,21695134.44
2019-12-25,'300743,天地数码,20.36,20.56,19.95,20.0,20.08,0.28,1.3944,1101520,22411244.1
2019-12-24,'300743,天地数码,20.08,20.13,19.73,19.8,19.84,0.24,1.2097,1038202,20674139.28
2019-12-23,'300743,天地数码,19.84,20.47,19.78,20.47,20.22,-0.38,-1.8793,985750,19777321.5
2019-12-20,'300743,天地数码,20.22,20.86,20.21,20.71,20.65,-0.43,-2.0823,1129150,23155323.5
2019-12-19,'300743,天地数码,20.65,20.75,20.43,20.46,20.43,0.22,1.0768,1071700,22095857.5
2019-12-18,'300743,天地数码,20.43,20.8,20.29,20.37,20.36,0.07,0.3438,1318492,27093925.94
2019-12-17,'300743,天地数码,20.36,20.54,20.17,20.34,20.08,0.28,1.3944,1791050,36445628.0
2019-12-16,'300743,天地数码,20.08,20.1,19.69,19.87,19.75,0.33,1.6709,1450150,28908393.5
2019-12-13,'300743,天地数码,19.75,19.86,19.55,19.66,19.52,0.23,1.1783,1074550,21170087.0
2019-12-12,'300743,天地数码,19.52,19.78,19.52,19.62,19.68,-0.16,-0.813,817200,16068287.0
2019-12-11,'300743,天地数码,19.68,19.93,19.62,19.76,19.68,0.0,0.0,596542,11759339.44
2019-12-10,'300743,天地数码,19.68,19.89,19.49,19.75,19.83,-0.15,-0.7564,853350,16757403.5
2019-12-09,'300743,天地数码,19.83,20.09,19.6,19.75,19.7,0.13,0.6599,758150,15113939.0
2019-12-06,'300743,天地数码,19.7,19.75,19.49,19.6,19.6,0.1,0.5102,656300,12889354.1
2019-12-05,'300743,天地数码,19.6,19.71,19.4,19.58,19.47,0.13,0.6677,637400,12485816.0
2019-12-04,'300743,天地数码,19.47,19.6,19.25,19.6,19.49,-0.02,-0.1026,442342,8606485.94
2019-12-03,'300743,天地数码,19.49,19.5,19.23,19.24,19.28,0.21,1.0892,626850,12147693.0
2019-12-02,'300743,天地数码,19.28,19.45,19.17,19.17,19.17,0.11,0.5738,664442,12836277.42
2019-11-29,'300743,天地数码,19.17,19.28,18.9,19.12,19.16,0.01,0.0522,551950,10531755.08
2019-11-28,'300743,天地数码,19.16,19.43,18.96,18.98,19.02,0.14,0.7361,637033,12240153.41
2019-11-27,'300743,天地数码,19.02,19.33,18.98,19.33,19.34,-0.32,-1.6546,811215,15489208.87
2019-11-26,'300743,天地数码,19.34,19.76,19.2,19.69,19.62,-0.28,-1.4271,767783,14935707.89
2019-11-25,'300743,天地数码,19.62,19.92,19.41,19.9,19.99,-0.37,-1.8509,921700,18096388.0
2019-11-22,'300743,天地数码,19.99,20.48,19.91,20.34,20.3,-0.31,-1.5271,917250,18505514.5
2019-11-21,'300743,天地数码,20.3,20.48,20.08,20.29,20.22,0.08,0.3956,713450,14432225.48
2019-11-20,'300743,天地数码,20.22,20.6,20.2,20.6,20.54,-0.32,-1.5579,817300,16645215.5
2019-11-19,'300743,天地数码,20.54,20.55,19.92,20.21,20.06,0.48,2.3928,1035392,21073231.66
2019-11-18,'300743,天地数码,20.06,20.17,19.62,20.03,19.8,0.26,1.3131,708250,14149475.5
2019-11-15,'300743,天地数码,19.8,20.33,19.8,20.04,20.07,-0.27,-1.3453,817950,16378919.0
2019-11-14,'300743,天地数码,20.07,20.58,19.92,20.58,20.5,-0.43,-2.0976,932400,18749527.0
2019-11-13,'300743,天地数码,20.5,20.67,19.28,20.35,20.14,0.36,1.7875,1105450,22516561.5
2019-11-12,'300743,天地数码,20.14,20.15,19.74,19.74,19.92,0.22,1.1044,772500,15486339.0
2019-11-11,'300743,天地数码,19.92,20.78,19.85,20.63,20.78,-0.86,-4.1386,1074669,21678900.6
2019-11-08,'300743,天地数码,20.78,20.98,20.62,20.63,20.63,0.15,0.7271,817019,17003346.47
2019-11-07,'300743,天地数码,20.63,20.8,20.3,20.49,20.39,0.24,1.177,861550,17710391.5
2019-11-06,'300743,天地数码,20.39,21.2,20.21,21.07,21.07,-0.68,-3.2273,1112750,22990481.87
2019-11-05,'300743,天地数码,21.07,21.24,20.84,21.0,21.09,-0.02,-0.0948,882903,18611300.15
2019-11-04,'300743,天地数码,21.09,21.53,20.7,20.7,20.76,0.33,1.5896,1152510,24542023.75
2019-11-01,'300743,天地数码,20.76,20.95,20.4,20.55,20.53,0.23,1.1203,803249,16619942.2
2019-10-31,'300743,天地数码,20.53,21.59,20.3,21.38,21.35,-0.82,-3.8407,1468759,30663762.23
2019-10-30,'300743,天地数码,21.35,22.2,21.35,22.2,21.89,-0.54,-2.4669,1178153,25405926.84
2019-10-29,'300743,天地数码,21.89,22.79,21.89,22.42,22.34,-0.45,-2.0143,1332003,29734935.19
2019-10-28,'300743,天地数码,22.34,22.39,21.64,21.64,21.67,0.67,3.0918,1393903,30862447.01
2019-10-25,'300743,天地数码,21.67,21.77,21.27,21.72,21.61,0.06,0.2776,1028450,22135137.5
2019-10-24,'300743,天地数码,21.61,22.16,21.43,22.02,21.77,-0.16,-0.735,940000,20400598.0
2019-10-23,'300743,天地数码,21.77,22.3,21.75,22.05,21.95,-0.18,-0.82,1033900,22761503.0
2019-10-22,'300743,天地数码,21.95,21.98,21.58,21.58,21.58,0.37,1.7146,889050,19376042.5
2019-10-21,'300743,天地数码,21.58,21.98,21.24,21.82,21.75,-0.17,-0.7816,1165200,25108438.0
2019-10-18,'300743,天地数码,21.75,22.61,21.51,22.19,22.32,-0.57,-2.5538,1473112,32448243.26
2019-10-17,'300743,天地数码,22.32,23.04,22.16,22.78,22.83,-0.51,-2.2339,1911612,42999991.04
2019-10-16,'300743,天地数码,22.83,23.29,22.66,23.29,23.3,-0.47,-2.0172,2034047,46432786.7
2019-10-15,'300743,天地数码,23.3,23.53,22.41,22.41,22.49,0.81,3.6016,3243566,74842373.35
2019-10-14,'300743,天地数码,22.49,22.78,22.16,22.16,22.03,0.46,2.0881,1693262,38202354.08
2019-10-11,'300743,天地数码,22.03,22.46,21.89,22.41,22.4,-0.37,-1.6518,1250762,27649147.36
2019-10-10,'300743,天地数码,22.4,22.46,22.12,22.39,22.22,0.18,0.8101,1198916,26774446.6
2019-10-09,'300743,天地数码,22.22,22.32,21.6,21.98,22.12,0.1,0.4521,1176150,25930004.5
2019-10-08,'300743,天地数码,22.12,22.29,21.6,21.7,21.83,0.29,1.3284,1307416,28775405.94
2019-09-30,'300743,天地数码,21.83,22.28,21.7,22.14,21.87,-0.04,-0.1829,1336100,29366557.5
2019-09-27,'300743,天地数码,21.87,22.3,21.37,21.58,21.41,0.46,2.1485,1572750,34381571.0
2019-09-26,'300743,天地数码,21.41,22.87,21.21,22.66,22.65,-1.24,-5.4746,2229250,48731940.0
2019-09-25,'300743,天地数码,22.65,23.55,22.61,23.55,23.67,-1.02,-4.3093,1833350,42302813.5
2019-09-24,'300743,天地数码,23.67,23.67,23.01,23.3,23.35,0.32,1.3704,2503381,58759330.91
2019-09-23,'300743,天地数码,23.35,23.35,22.52,22.9,22.98,0.37,1.6101,1795683,41001752.9
2019-09-20,'300743,天地数码,22.98,23.64,22.88,23.28,23.32,-0.34,-1.458,1890950,43870936.38
2019-09-19,'300743,天地数码,23.32,23.36,22.75,22.91,22.81,0.51,2.2359,2099546,48610951.42
2019-09-18,'300743,天地数码,22.81,23.3,22.67,23.3,23.21,-0.4,-1.7234,2351451,53896684.26
2019-09-17,'300743,天地数码,23.21,24.5,23.04,24.01,23.94,-0.73,-3.0493,3305826,78415314.18
2019-09-16,'300743,天地数码,23.94,24.83,23.86,24.83,24.49,-0.55,-2.2458,3291666,79588212.48
2019-09-12,'300743,天地数码,24.49,24.99,24.22,24.41,24.96,-0.47,-1.883,4406358,107989090.0
2019-09-11,'300743,天地数码,24.96,25.77,23.62,24.18,23.82,1.14,4.7859,7023320,171779242.22
2019-09-10,'300743,天地数码,23.82,24.19,23.61,23.94,24.19,-0.37,-1.5296,4556850,108793445.5
2019-09-09,'300743,天地数码,24.19,24.99,23.53,24.5,23.76,0.43,1.8098,10633728,258284162.7
2019-09-06,'300743,天地数码,23.76,23.76,21.52,21.6,21.6,2.16,10.0,3861553,89148762.14
2019-09-05,'300743,天地数码,21.6,22.88,21.15,21.3,21.18,0.42,1.983,4862411,106240827.14
2019-09-04,'300743,天地数码,21.18,21.28,20.54,20.83,20.85,0.33,1.5827,2179696,45882174.88
2019-09-03,'300743,天地数码,20.85,21.0,20.64,21.0,20.75,0.1,0.4819,1727762,35974212.11
2019-09-02,'300743,天地数码,20.75,20.8,20.18,20.19,20.08,0.67,3.3367,1942940,39860721.38
2019-08-30,'300743,天地数码,20.08,21.35,19.91,21.21,21.01,-0.93,-4.4265,2540951,52164279.42
2019-08-29,'300743,天地数码,21.01,21.55,20.81,21.29,21.28,-0.27,-1.2688,2479600,52048015.5
2019-08-28,'300743,天地数码,21.28,22.25,20.79,20.79,20.76,0.52,2.5048,4598906,99360269.17
2019-08-27,'300743,天地数码,20.76,20.86,20.23,20.45,20.23,0.53,2.6199,1864722,38529575.28
2019-08-26,'300743,天地数码,20.23,20.45,19.69,19.88,20.47,-0.24,-1.1724,1367130,27489610.75
2019-08-23,'300743,天地数码,20.47,20.81,20.44,20.59,20.59,-0.12,-0.5828,1685502,34759478.4
2019-08-22,'300743,天地数码,20.59,20.79,20.25,20.74,20.58,0.01,0.0486,1421680,29154780.26
2019-08-21,'300743,天地数码,20.58,20.67,20.35,20.42,20.65,-0.07,-0.339,1388880,28466780.86
2019-08-20,'300743,天地数码,20.65,20.87,20.43,20.65,20.63,0.02,0.0969,1998849,41263722.41
2019-08-19,'300743,天地数码,20.63,20.66,20.1,20.16,20.05,0.58,2.8928,2214446,45274884.1
2019-08-16,'300743,天地数码,20.05,20.21,19.82,20.01,19.9,0.15,0.7538,1425256,28587431.3
2019-08-15,'300743,天地数码,19.9,19.99,19.11,19.37,20.03,-0.13,-0.649,1834996,35844232.38
2019-08-14,'300743,天地数码,20.03,20.35,19.98,20.25,19.95,0.08,0.401,1290621,25989152.31
2019-08-13,'300743,天地数码,19.95,20.2,19.82,20.03,20.39,-0.44,-2.1579,1645549,32835600.61
2019-08-12,'300743,天地数码,20.39,20.4,19.87,20.09,20.45,-0.06,-0.2934,2221537,44655012.29
2019-08-09,'300743,天地数码,20.45,21.75,20.25,20.25,20.01,0.44,2.1989,3190258,66995512.28
2019-08-08,'300743,天地数码,20.01,20.39,19.93,20.0,20.02,-0.01,-0.05,1340860,26906583.0
2019-08-07,'300743,天地数码,20.02,20.52,19.98,19.99,19.86,0.16,0.8056,1561512,31525048.56
2019-08-06,'300743,天地数码,19.86,20.78,19.51,20.35,21.0,-1.14,-5.4286,2220241,44435984.46
2019-08-05,'300743,天地数码,21.0,21.68,20.9,21.3,21.12,-0.12,-0.5682,1173751,25029939.62
2019-08-02,'300743,天地数码,21.12,21.57,20.83,21.5,21.95,-0.83,-3.7813,2014771,42685570.22
2019-08-01,'300743,天地数码,21.95,22.13,21.31,21.75,21.6,0.35,1.6204,1672800,36568348.0
2019-07-31,'300743,天地数码,21.6,21.88,21.47,21.67,21.76,-0.16,-0.7353,917225,19885152.0
2019-07-30,'300743,天地数码,21.76,22.14,21.72,21.72,21.87,-0.11,-0.503,1295144,28401038.8
2019-07-29,'300743,天地数码,21.87,22.2,21.7,21.8,21.83,0.04,0.1832,1119310,24461439.88
2019-07-26,'300743,天地数码,21.83,22.45,21.32,21.32,21.58,0.25,1.1585,1967089,43073976.97
2019-07-25,'300743,天地数码,21.58,22.37,21.3,21.3,21.3,0.28,1.3146,2256301,49285899.29
2019-07-24,'300743,天地数码,21.3,21.48,20.8,21.05,21.02,0.28,1.3321,1834451,39180713.59
2019-07-23,'300743,天地数码,21.02,21.08,20.72,20.72,20.79,0.23,1.1063,1356250,28406636.0
2019-07-22,'300743,天地数码,20.79,22.74,20.27,22.57,22.5,-1.71,-7.6,2760500,58141117.0
2019-07-19,'300743,天地数码,22.5,22.78,22.25,22.3,22.4,0.1,0.4464,1847150,41742600.5
2019-07-18,'300743,天地数码,22.4,23.01,22.35,23.0,23.34,-0.94,-4.0274,2335002,52861898.5
2019-07-17,'300743,天地数码,23.34,23.9,23.34,23.68,23.9,-0.56,-2.3431,2722800,64274642.5
2019-07-16,'300743,天地数码,23.9,23.9,23.2,23.45,23.65,0.25,1.0571,3538051,83386868.47
2019-07-15,'300743,天地数码,23.65,24.0,23.02,24.0,24.46,-0.81,-3.3115,5669152,133273589.72
2019-07-12,'300743,天地数码,24.46,24.46,22.28,22.28,22.24,2.22,9.982,3969852,96388627.92
2019-07-11,'300743,天地数码,22.24,22.55,22.01,22.25,22.14,0.1,0.4517,1383826,30857833.68
2019-07-10,'300743,天地数码,22.14,22.55,22.08,22.4,22.31,-0.17,-0.762,1123800,25116877.0
2019-07-09,'300743,天地数码,22.31,22.48,22.0,22.3,22.35,-0.04,-0.179,1352400,30046523.5
2019-07-08,'300743,天地数码,22.35,23.7,22.22,23.7,23.67,-1.32,-5.5767,2184326,49439171.48
2019-07-05,'300743,天地数码,23.67,23.81,23.42,23.56,23.67,0.0,0.0,1454088,34334527.74
2019-07-04,'300743,天地数码,23.67,24.36,23.46,23.93,24.01,-0.34,-1.4161,1925250,45795358.0
2019-07-03,'300743,天地数码,24.01,24.43,23.83,24.33,24.51,-0.5,-2.04,2094579,50303437.68
2019-07-02,'300743,天地数码,24.51,24.8,24.43,24.65,24.65,-0.14,-0.568,2158350,53079922.5
2019-07-01,'300743,天地数码,24.65,24.67,24.15,24.4,23.9,0.75,3.1381,2956851,72301109.55
2019-06-28,'300743,天地数码,23.9,24.89,23.78,24.89,24.94,-1.04,-4.17,3086150,74570185.0
2019-06-27,'300743,天地数码,24.94,25.5,24.5,25.36,25.32,-0.38,-1.5008,3869451,96647325.13
2019-06-26,'300743,天地数码,25.32,25.89,25.0,25.18,25.28,0.04,0.1582,3835400,97435933.64
2019-06-25,'300743,天地数码,25.28,25.9,24.91,25.9,26.37,-1.09,-4.1335,3860150,97403157.61
2019-06-24,'300743,天地数码,39.86,41.52,39.18,41.42,40.87,-1.01,-2.4713,4578457,184456507.51
2019-06-21,'300743,天地数码,40.87,40.87,37.23,37.23,37.15,3.72,10.0135,5088106,200384122.52
2019-06-20,'300743,天地数码,37.15,37.15,35.9,36.39,36.5,0.65,1.7808,2258589,82784349.35
2019-06-19,'300743,天地数码,36.5,36.99,36.01,36.7,35.79,0.71,1.9838,2270467,82633525.04
2019-06-18,'300743,天地数码,35.79,36.35,35.72,36.2,35.15,0.64,1.8208,1645403,59188983.99
2019-06-17,'300743,天地数码,35.15,35.75,34.91,35.5,35.5,-0.35,-0.9859,740241,26119829.2
2019-06-14,'300743,天地数码,35.5,36.78,35.04,36.77,36.38,-0.88,-2.4189,1802351,64445434.98
2019-06-13,'300743,天地数码,36.38,36.46,35.03,35.26,35.25,1.13,3.2057,2156292,77338801.5
2019-06-12,'300743,天地数码,35.25,35.85,35.0,35.59,35.56,-0.31,-0.8718,1206209,42715484.35
2019-06-11,'300743,天地数码,35.56,36.2,34.03,34.1,34.14,1.42,4.1593,1576868,55424726.9
2019-06-10,'300743,天地数码,34.14,34.45,33.42,33.88,33.68,0.46,1.3658,781164,26590725.5
2019-06-06,'300743,天地数码,33.68,35.08,33.5,35.07,35.07,-1.39,-3.9635,1551033,52820430.45
2019-06-05,'300743,天地数码,35.07,35.45,34.82,35.36,34.91,0.16,0.4583,1014700,35694428.0
2019-06-04,'300743,天地数码,34.91,35.65,34.58,34.94,35.11,-0.2,-0.5696,1168084,41164644.36
2019-06-03,'300743,天地数码,35.11,36.68,35.08,36.65,36.68,-1.57,-4.2803,1995467,70984871.61
2019-05-31,'300743,天地数码,36.68,37.58,35.42,35.42,35.86,0.82,2.2867,2568085,94254780.7
2019-05-30,'300743,天地数码,35.86,36.8,35.15,36.8,36.63,-0.77,-2.1021,1537094,54791536.69
2019-05-29,'300743,天地数码,36.63,37.28,36.21,36.59,36.24,0.39,1.0762,1388706,51091088.4
2019-05-28,'300743,天地数码,36.24,36.97,36.1,36.49,36.55,-0.31,-0.8482,1536150,56247257.97
2019-05-27,'300743,天地数码,36.55,36.65,35.37,35.37,35.3,1.25,3.5411,1601245,58020601.9
2019-05-24,'300743,天地数码,35.3,35.78,34.1,35.04,35.04,0.26,0.742,1462034,51786326.28
2019-05-23,'300743,天地数码,35.04,37.07,34.55,36.8,36.78,-1.74,-4.7308,2041703,72765540.4
2019-05-22,'300743,天地数码,36.78,37.99,36.46,37.99,37.76,-0.98,-2.5953,1838899,68338438.23
2019-05-21,'300743,天地数码,37.76,37.99,37.0,37.0,37.4,0.36,0.9626,1874694,70670443.62
2019-05-20,'300743,天地数码,37.4,39.11,36.3,38.8,38.47,-1.07,-2.7814,2332600,86953530.0
2019-05-17,'300743,天地数码,38.47,40.62,38.04,38.04,37.84,0.63,1.6649,4539145,178138271.45
2019-05-16,'300743,天地数码,37.84,38.23,37.25,37.61,37.73,0.11,0.2915,1904500,71899954.0
2019-05-15,'300743,天地数码,37.73,37.8,37.0,37.4,36.94,0.79,2.1386,1888047,70805515.14
2019-05-14,'300743,天地数码,36.94,37.81,36.85,37.05,37.81,-0.87,-2.301,1656900,61865534.0
2019-05-13,'300743,天地数码,37.81,38.5,37.12,37.32,37.68,0.13,0.345,2238600,84878368.0
2019-05-10,'300743,天地数码,37.68,37.79,35.5,36.84,36.5,1.18,3.2329,2595800,96739606.0
2019-05-09,'300743,天地数码,36.5,37.62,36.5,37.19,37.81,-1.31,-3.4647,2118417,78504270.83
2019-05-08,'300743,天地数码,37.81,38.12,33.6,35.74,36.57,1.24,3.3908,3319917,121552254.17
2019-05-07,'300743,天地数码,36.57,36.97,35.09,36.14,36.18,0.39,1.0779,2250044,81939028.54
2019-05-06,'300743,天地数码,36.18,38.89,36.18,38.54,40.2,-4.02,-10.0,2634300,98830848.0
2019-04-30,'300743,天地数码,40.2,40.7,39.51,39.99,40.08,0.12,0.2994,2461200,98769383.0
2019-04-29,'300743,天地数码,40.08,43.7,39.81,43.43,44.23,-4.15,-9.3828,4204194,174113546.14
2019-04-26,'300743,天地数码,44.23,45.6,44.18,45.01,44.91,-0.68,-1.5141,2645900,119230802.0
2019-04-25,'300743,天地数码,44.91,47.44,44.73,45.7,46.31,-1.4,-3.0231,3614353,166266511.12
2019-04-24,'300743,天地数码,46.31,47.87,45.45,47.01,48.78,-2.47,-5.0636,5085579,236893464.0
2019-04-23,'300743,天地数码,48.78,51.48,48.11,48.11,53.46,-4.68,-8.7542,7668639,375571894.48
2019-04-22,'300743,天地数码,53.46,65.34,53.46,65.34,59.4,-5.94,-10.0,7541680,419723193.67
2019-04-19,'300743,天地数码,59.4,65.9,59.4,65.9,66.0,-6.6,-10.0,1814400,110030114.17
2019-04-18,'300743,天地数码,66.0,71.0,64.35,67.54,71.5,-5.5,-7.6923,4753318,316162491.62
2019-04-17,'300743,天地数码,71.5,71.5,62.33,63.9,65.31,6.19,9.4779,4493033,295460495.4
2019-04-16,'300743,天地数码,65.31,65.31,59.5,62.38,59.37,5.94,10.0051,4325147,270894146.6
2019-04-15,'300743,天地数码,59.37,59.37,49.59,52.8,53.97,5.4,10.0056,4481750,247724270.98
2019-04-12,'300743,天地数码,53.97,55.55,51.0,51.0,50.6,3.37,6.6601,3588129,192661073.57
2019-04-11,'300743,天地数码,50.6,54.01,50.12,51.4,49.1,1.5,3.055,5932128,310694413.02
2019-04-10,'300743,天地数码,49.1,49.1,44.44,44.44,44.64,4.46,9.991,3776624,180235157.22
2019-04-09,'300743,天地数码,44.64,45.61,40.8,41.48,41.58,3.06,7.3593,4211903,185054776.9
2019-04-08,'300743,天地数码,41.58,42.44,40.8,41.88,41.6,-0.02,-0.0481,1448400,60429592.0
2019-04-04,'300743,天地数码,41.6,41.88,40.72,41.56,41.88,-0.28,-0.6686,1623400,67145243.82
2019-04-03,'300743,天地数码,41.88,43.45,39.89,40.3,39.57,2.31,5.8378,3005880,125411606.02
2019-04-02,'300743,天地数码,39.57,39.9,39.3,39.9,39.41,0.16,0.406,953345,37641391.2
2019-04-01,'300743,天地数码,39.41,39.63,38.54,38.54,38.26,1.15,3.0058,1039945,40729298.15
2019-03-29,'300743,天地数码,38.26,38.3,37.32,37.6,37.61,0.65,1.7283,797500,30200785.0
2019-03-28,'300743,天地数码,37.61,39.04,37.59,38.86,38.89,-1.28,-3.2913,926245,35482562.45
2019-03-27,'300743,天地数码,38.89,39.39,38.41,38.86,38.9,-0.01,-0.0257,681768,26467216.44
2019-03-26,'300743,天地数码,38.9,39.95,38.83,39.85,39.7,-0.8,-2.0151,1041777,41088872.91
2019-03-25,'300743,天地数码,39.7,40.28,39.23,39.59,40.1,-0.4,-0.9975,798045,31767737.85
2019-03-22,'300743,天地数码,40.1,40.98,39.35,40.98,40.41,-0.31,-0.7671,1081900,43155249.0
2019-03-21,'300743,天地数码,40.41,40.87,40.0,40.21,40.2,0.21,0.5224,1127345,45688422.65
2019-03-20,'300743,天地数码,40.2,41.39,39.32,40.74,40.66,-0.46,-1.1313,1130800,45524095.1
2019-03-19,'300743,天地数码,40.66,41.44,40.57,41.4,41.11,-0.45,-1.0946,1011516,41331361.09
2019-03-18,'300743,天地数码,41.11,41.18,40.06,40.5,40.3,0.81,2.0099,1303303,53013630.1
2019-03-15,'300743,天地数码,40.3,40.92,39.67,40.2,39.99,0.31,0.7752,1111163,44897288.3
2019-03-14,'300743,天地数码,39.99,41.89,39.56,41.89,42.31,-2.32,-5.4833,2013787,81682251.48
2019-03-13,'300743,天地数码,42.31,44.34,42.1,42.37,42.53,-0.22,-0.5173,2759858,119506790.06
2019-03-12,'300743,天地数码,42.53,43.2,41.36,41.78,41.35,1.18,2.8537,2626847,111120088.54
2019-03-11,'300743,天地数码,41.35,41.68,40.0,40.0,40.0,1.35,3.375,1560797,63730247.19
2019-03-08,'300743,天地数码,40.0,42.38,40.0,41.97,43.19,-3.19,-7.386,2760445,114263740.93
2019-03-07,'300743,天地数码,43.19,44.43,40.8,41.44,41.67,1.52,3.6477,3623522,154945577.79
2019-03-06,'300743,天地数码,41.67,41.85,40.38,41.1,41.39,0.28,0.6765,2463472,101549360.47
2019-03-05,'300743,天地数码,41.39,42.5,39.16,39.23,39.48,1.91,4.8379,3242733,133480121.78
2019-03-04,'300743,天地数码,39.48,40.38,39.08,39.75,39.34,0.14,0.3559,1783100,71035788.0
2019-03-01,'300743,天地数码,39.34,40.27,39.04,39.92,39.88,-0.54,-1.3541,1455615,57505883.14
2019-02-28,'300743,天地数码,39.88,39.98,38.8,39.21,39.21,0.67,1.7087,1524800,60292662.0
2019-02-27,'300743,天地数码,39.21,40.2,38.7,39.4,39.01,0.2,0.5127,1658947,65518330.32
2019-02-26,'300743,天地数码,39.01,40.43,38.6,39.28,39.1,-0.09,-0.2302,2470323,97571156.98
2019-02-25,'300743,天地数码,39.1,39.35,37.69,38.2,37.59,1.51,4.017,2308020,89023355.08
2019-02-22,'300743,天地数码,37.59,37.59,36.6,36.9,36.95,0.64,1.7321,1310610,48842846.5
2019-02-21,'300743,天地数码,36.95,38.2,36.81,37.2,37.24,-0.29,-0.7787,1662789,62147989.12
2019-02-20,'300743,天地数码,37.24,37.65,36.68,37.45,37.2,0.04,0.1075,966779,35917453.74
2019-02-19,'300743,天地数码,37.2,37.63,36.51,37.3,37.46,-0.26,-0.6941,1259452,46802614.36
2019-02-18,'300743,天地数码,37.46,37.46,36.31,36.31,36.22,1.24,3.4235,1320400,48694451.92
2019-02-15,'300743,天地数码,36.22,36.44,35.85,36.23,36.1,0.12,0.3324,848600,30661009.9
2019-02-14,'300743,天地数码,36.1,36.28,35.77,35.99,36.18,-0.08,-0.2211,754800,27199350.96
2019-02-13,'300743,天地数码,36.18,36.41,35.56,35.62,35.52,0.66,1.8581,956281,34474805.04
2019-02-12,'300743,天地数码,35.52,36.0,35.23,35.36,35.22,0.3,0.8518,735400,26175132.0
2019-02-11,'300743,天地数码,35.22,35.3,34.44,34.69,34.3,0.92,2.6822,593400,20758326.0
2019-02-01,'300743,天地数码,34.3,34.8,33.68,33.8,33.49,0.81,2.4186,566200,19304278.0
2019-01-31,'300743,天地数码,33.49,35.8,33.1,35.39,35.39,-1.9,-5.3687,1068164,36521323.34
2019-01-30,'300743,天地数码,35.39,36.78,35.01,36.55,36.5,-1.11,-3.0411,667852,24108590.14
2019-01-29,'300743,天地数码,36.5,37.88,36.12,37.88,37.9,-1.4,-3.6939,744231,27312235.5
2019-01-28,'300743,天地数码,37.9,38.2,37.06,38.0,37.62,0.28,0.7443,776600,29232782.0
2019-01-25,'300743,天地数码,37.62,39.5,37.51,39.39,39.39,-1.77,-4.4935,1421900,54659924.0
2019-01-24,'300743,天地数码,39.39,39.85,39.28,39.45,40.01,-0.62,-1.5496,1300400,51362047.0
2019-01-23,'300743,天地数码,40.01,40.9,38.62,38.88,39.27,0.74,1.8844,1859984,73685505.8
2019-01-22,'300743,天地数码,39.27,40.28,39.0,39.01,38.71,0.56,1.4467,2074534,82040089.44
2019-01-21,'300743,天地数码,38.71,39.19,38.08,38.08,38.42,0.29,0.7548,890100,34386251.0
2019-01-18,'300743,天地数码,38.42,38.66,37.62,37.62,38.0,0.42,1.1053,1072634,40996299.03
2019-01-17,'300743,天地数码,38.0,38.97,38.0,38.91,39.26,-1.26,-3.2094,1280034,49132006.43
2019-01-16,'300743,天地数码,39.26,40.5,38.22,38.7,38.19,1.07,2.8018,2089800,81890237.0
2019-01-15,'300743,天地数码,38.19,38.2,37.41,37.59,37.81,0.38,1.005,868100,32853809.0
2019-01-14,'300743,天地数码,37.81,39.18,37.36,39.0,38.89,-1.08,-2.7771,1278734,48650656.64
2019-01-11,'300743,天地数码,38.89,39.17,37.31,37.31,37.48,1.41,3.762,1676400,64345707.0
2019-01-10,'300743,天地数码,37.48,38.46,37.36,37.7,37.6,-0.12,-0.3191,929015,35077038.5
2019-01-09,'300743,天地数码,37.6,38.77,37.6,38.26,37.52,0.08,0.2132,1005600,38362261.0
2019-01-08,'300743,天地数码,37.52,38.19,37.3,37.8,37.9,-0.38,-1.0026,698900,26329483.0
2019-01-07,'300743,天地数码,37.9,38.34,37.15,38.1,37.57,0.33,0.8784,1012243,38421258.8
2019-01-04,'300743,天地数码,37.57,37.65,36.11,36.3,36.88,0.69,1.8709,1164500,43180300.0
2019-01-03,'300743,天地数码,36.88,38.71,36.78,38.28,38.3,-1.42,-3.7076,1518343,56858321.06
2019-01-02,'300743,天地数码,38.3,40.02,38.15,40.0,41.1,-2.8,-6.8127,1714200,66462737.0
2018-12-28,'300743,天地数码,41.1,43.8,41.03,42.25,41.86,-0.76,-1.8156,2188334,92660901.6
2018-12-27,'300743,天地数码,41.86,44.15,40.9,41.42,40.73,1.13,2.7744,2609323,109916144.29
2018-12-26,'300743,天地数码,40.73,42.18,40.7,41.15,41.3,-0.57,-1.3801,1273000,52379064.99
2018-12-25,'300743,天地数码,41.3,41.59,39.6,41.0,42.19,-0.89,-2.1095,1724537,69909023.52
2018-12-24,'300743,天地数码,42.19,43.39,41.6,41.87,41.77,0.42,1.0055,2073962,87540872.07
2018-12-21,'300743,天地数码,41.77,41.88,40.65,41.0,41.27,0.5,1.2115,1454480,59971493.45
2018-12-20,'300743,天地数码,41.27,41.27,39.71,39.98,40.37,0.9,2.2294,1287969,52458055.38
2018-12-19,'300743,天地数码,40.37,41.21,39.8,40.1,40.05,0.32,0.799,1246069,50698932.48
2018-12-18,'300743,天地数码,40.05,40.43,39.21,40.28,40.8,-0.75,-1.8382,1016900,40597658.0
2018-12-17,'300743,天地数码,40.8,41.04,38.6,38.8,38.8,2.0,5.1546,1343993,53985722.95
2018-12-14,'300743,天地数码,38.8,40.6,37.83,40.3,40.3,-1.5,-3.7221,894850,35570676.26
2018-12-13,'300743,天地数码,40.3,40.78,39.85,40.73,40.16,0.14,0.3486,868253,35041537.03
2018-12-12,'300743,天地数码,40.16,40.7,39.46,39.46,39.46,0.7,1.7739,931250,37558091.5
2018-12-11,'300743,天地数码,39.46,39.62,39.02,39.09,39.06,0.4,1.0241,473600,18637745.7
2018-12-10,'300743,天地数码,39.06,39.9,38.53,39.7,39.9,-0.84,-2.1053,603931,23665596.79
2018-12-07,'300743,天地数码,39.9,40.42,39.8,39.96,39.89,0.01,0.0251,443900,17771197.7
2018-12-06,'300743,天地数码,39.89,41.28,39.87,40.78,40.65,-0.76,-1.8696,766600,31024601.0
2018-12-05,'300743,天地数码,40.65,41.27,40.21,40.62,41.75,-1.1,-2.6347,943010,38365849.0
2018-12-04,'300743,天地数码,41.75,42.38,40.55,40.84,41.04,0.71,1.73,1485781,61692368.86
2018-12-03,'300743,天地数码,41.04,41.15,39.87,40.54,39.53,1.51,3.8199,1296860,52677235.64
2018-11-30,'300743,天地数码,39.53,39.85,38.02,39.5,39.4,0.13,0.3299,1081812,42325241.5
2018-11-29,'300743,天地数码,39.4,42.27,39.39,42.11,41.77,-2.37,-5.6739,1051200,42912295.58
2018-11-28,'300743,天地数码,41.77,41.99,40.18,41.37,41.38,0.39,0.9425,862631,35577418.47
2018-11-27,'300743,天地数码,41.38,41.99,40.92,41.69,41.29,0.09,0.218,807600,33467072.0
2018-11-26,'300743,天地数码,41.29,42.87,40.88,41.41,42.52,-1.23,-2.8928,1317246,54914714.7
2018-11-23,'300743,天地数码,42.52,45.9,42.31,44.79,45.13,-2.61,-5.7833,1574721,69190645.3
2018-11-22,'300743,天地数码,45.13,46.3,45.13,45.62,45.36,-0.23,-0.5071,1037730,47446532.1
2018-11-21,'300743,天地数码,45.36,45.6,44.11,44.17,45.6,-0.24,-0.5263,1252272,56261447.3
2018-11-20,'300743,天地数码,45.6,47.5,45.6,45.97,46.37,-0.77,-1.6606,1655325,76752169.64
2018-11-19,'300743,天地数码,46.37,46.7,45.57,46.66,46.98,-0.61,-1.2984,1674078,77330575.04
2018-11-16,'300743,天地数码,46.98,47.74,46.61,47.4,47.36,-0.38,-0.8024,2511179,118286209.04
2018-11-15,'300743,天地数码,47.36,47.99,45.67,46.6,45.8,1.56,3.4061,3399941,159636470.68
2018-11-14,'300743,天地数码,45.8,46.45,45.07,45.31,45.71,0.09,0.1969,2335057,107036879.11
2018-11-13,'300743,天地数码,45.71,46.46,44.88,45.16,45.91,-0.2,-0.4356,3093041,141472270.62
2018-11-12,'300743,天地数码,45.91,46.19,42.4,43.0,43.4,2.51,5.7834,2899749,130001198.04
2018-11-09,'300743,天地数码,43.4,45.28,42.31,42.5,42.5,0.9,2.1176,1937032,85235475.08
2018-11-08,'300743,天地数码,42.5,43.5,42.24,43.1,42.61,-0.11,-0.2582,1106792,47340565.0
2018-11-07,'300743,天地数码,42.61,43.26,42.4,42.7,42.89,-0.28,-0.6528,1279332,54878561.2
2018-11-06,'300743,天地数码,42.89,44.01,41.52,44.0,44.62,-1.73,-3.8772,2117831,90251682.88
2018-11-05,'300743,天地数码,44.62,46.35,43.68,45.66,44.42,0.2,0.4502,2627531,118142451.71
2018-11-02,'300743,天地数码,44.42,44.45,43.5,43.8,43.31,1.11,2.5629,2204199,97344695.66
2018-11-01,'300743,天地数码,43.31,44.65,43.05,43.6,43.38,-0.07,-0.1614,2050400,90026521.0
2018-10-31,'300743,天地数码,43.38,43.86,42.6,42.77,42.66,0.72,1.6878,1664902,72071924.58
2018-10-30,'300743,天地数码,42.66,42.98,41.75,42.88,42.16,0.5,1.186,1202400,51200244.5
2018-10-29,'300743,天地数码,42.16,43.2,41.8,42.1,42.97,-0.81,-1.885,917300,39014810.0
2018-10-26,'300743,天地数码,42.97,43.84,42.51,43.83,43.05,-0.08,-0.1858,1369901,59138487.85
2018-10-25,'300743,天地数码,43.05,43.92,41.76,43.92,46.25,-3.2,-6.9189,2655833,113734621.57
2018-10-24,'300743,天地数码,46.25,47.58,46.02,47.1,47.69,-1.44,-3.0195,2151082,100398239.46
2018-10-23,'300743,天地数码,47.69,48.32,46.8,47.7,48.3,-0.61,-1.2629,3227398,153710264.09
2018-10-22,'300743,天地数码,48.3,49.9,45.09,45.18,46.2,2.1,4.5455,4838481,229340382.45
2018-10-19,'300743,天地数码,46.2,46.62,43.0,45.74,47.61,-1.41,-2.9616,4687519,212580622.44
2018-10-18,'300743,天地数码,47.81,47.81,43.31,43.31,43.46,4.35,10.0092,5914431,276175394.77
2018-10-17,'300743,天地数码,43.46,45.57,42.14,45.24,44.42,-0.96,-2.1612,1534400,67491646.04
2018-10-16,'300743,天地数码,44.42,45.19,43.02,43.33,44.4,0.02,0.045,1534200,67589894.0
2018-10-15,'300743,天地数码,44.4,46.89,42.6,42.6,43.52,0.88,2.0221,1909550,84903039.0
2018-10-12,'300743,天地数码,43.52,44.46,41.5,43.54,44.67,-1.15,-2.5744,1779145,76612990.7
2018-10-11,'300743,天地数码,44.67,46.69,44.67,45.85,49.63,-4.96,-9.994,2387035,108797463.02
2018-10-10,'300743,天地数码,49.63,50.0,48.41,48.59,49.16,0.47,0.9561,2795024,137999252.76
2018-10-09,'300743,天地数码,49.16,51.84,48.63,48.88,47.13,2.03,4.3072,3510222,175653697.84
2018-10-08,'300743,天地数码,47.13,48.5,45.7,45.99,47.46,-0.33,-0.6953,1893652,89698382.28
2018-09-28,'300743,天地数码,47.46,48.59,45.6,45.68,45.68,1.78,3.8967,1520866,72160487.42
2018-09-27,'300743,天地数码,45.68,48.08,45.61,47.91,47.92,-2.24,-4.6745,1486800,69302686.0
2018-09-26,'300743,天地数码,47.92,48.35,47.31,48.04,48.06,-0.14,-0.2913,1053838,50368811.68
2018-09-25,'300743,天地数码,48.06,48.86,47.66,48.0,47.95,0.11,0.2294,914822,44134889.4
2018-09-21,'300743,天地数码,47.95,48.48,46.8,47.69,47.77,0.18,0.3768,1259500,59931114.0
2018-09-20,'300743,天地数码,47.77,48.98,47.57,47.62,47.67,0.1,0.2098,1395350,67190568.9
2018-09-19,'300743,天地数码,47.67,48.75,46.8,47.5,47.55,0.12,0.2524,1498400,71581892.0
2018-09-18,'300743,天地数码,47.55,47.59,46.2,46.78,46.78,0.77,1.646,1098753,51653005.99
2018-09-17,'300743,天地数码,46.78,48.11,46.5,47.98,49.05,-2.27,-4.6279,1124350,53053576.0
2018-09-14,'300743,天地数码,49.05,52.3,49.01,51.8,51.68,-2.63,-5.089,1712368,86451778.98
2018-09-13,'300743,天地数码,51.68,52.95,50.72,52.66,51.63,0.05,0.0968,1332900,68887167.95
2018-09-12,'300743,天地数码,51.63,51.88,50.57,51.2,51.25,0.38,0.7415,1439000,73836816.0
2018-09-11,'300743,天地数码,51.25,51.65,50.61,50.7,50.88,0.37,0.7272,1239706,63287424.68
2018-09-10,'300743,天地数码,50.88,51.17,49.87,50.68,51.03,-0.15,-0.2939,1417300,71488760.0
2018-09-07,'300743,天地数码,51.03,52.97,50.35,52.43,52.2,-1.17,-2.2414,1903200,98484055.0
2018-09-06,'300743,天地数码,52.2,52.99,50.81,51.0,51.6,0.6,1.1628,1845302,96304849.2
2018-09-05,'300743,天地数码,51.6,52.99,51.0,51.39,52.5,-0.9,-1.7143,1728200,89853158.0
2018-09-04,'300743,天地数码,52.5,53.11,51.79,53.0,51.95,0.55,1.0587,1931100,101189259.0
2018-09-03,'300743,天地数码,51.95,54.61,50.53,54.6,54.65,-2.7,-4.9405,2354565,122218248.1
2018-08-31,'300743,天地数码,54.65,57.4,54.5,56.68,58.51,-3.86,-6.5972,3434665,190752146.16
2018-08-30,'300743,天地数码,58.51,60.69,56.66,56.77,55.17,3.34,6.054,5240971,312950628.8
2018-08-29,'300743,天地数码,55.17,56.79,55.0,56.7,56.88,-1.71,-3.0063,1429200,79660774.0
2018-08-28,'300743,天地数码,56.88,57.21,56.13,57.02,57.28,-0.4,-0.6983,1398622,79105727.9
2018-08-27,'300743,天地数码,57.28,57.31,55.5,56.1,55.81,1.47,2.6339,1831507,103727139.37
2018-08-24,'300743,天地数码,55.81,57.28,55.59,57.0,57.5,-1.69,-2.9391,1713607,96515422.6
2018-08-23,'300743,天地数码,57.5,57.93,55.0,56.0,56.96,0.54,0.948,2406121,136744208.05
2018-08-22,'300743,天地数码,56.96,59.45,56.91,57.2,56.95,0.01,0.0176,2652472,154280820.63
2018-08-21,'300743,天地数码,56.95,57.7,55.48,56.72,57.2,-0.25,-0.4371,1857700,105219549.0
2018-08-20,'300743,天地数码,57.2,57.95,54.01,56.52,57.3,-0.1,-0.1745,1836522,103104292.76
2018-08-17,'300743,天地数码,57.3,60.5,57.02,60.0,58.8,-1.5,-2.551,1888100,110447773.0
2018-08-16,'300743,天地数码,58.8,59.5,55.6,56.79,57.68,1.12,1.9417,2533932,147079533.04
2018-08-15,'300743,天地数码,57.68,60.52,57.61,60.29,60.33,-2.65,-4.3925,2175856,127580974.08
2018-08-14,'300743,天地数码,60.33,61.19,59.01,60.3,60.6,-0.27,-0.4455,2459171,147924927.03
2018-08-13,'300743,天地数码,60.6,60.93,57.15,57.74,59.9,0.7,1.1686,2566994,152851074.52
2018-08-10,'300743,天地数码,59.9,61.2,58.23,59.4,60.59,-0.69,-1.1388,3097623,185010523.45
2018-08-09,'300743,天地数码,60.59,61.57,57.28,57.28,61.64,-1.05,-1.7034,4708457,280452108.63
2018-08-08,'300743,天地数码,61.64,71.77,61.64,71.0,68.49,-6.85,-10.0015,6879366,454299984.86
2018-08-07,'300743,天地数码,68.49,68.49,65.26,65.26,62.26,6.23,10.0064,3991305,269624076.95
2018-08-06,'300743,天地数码,62.26,62.26,57.03,57.49,56.6,5.66,10.0,5160367,317223601.95
2018-08-03,'300743,天地数码,56.6,58.5,56.55,57.8,57.8,-1.2,-2.0761,1542750,89099591.56
2018-08-02,'300743,天地数码,57.8,60.0,56.17,60.0,60.46,-2.66,-4.3996,2116599,121880020.83
2018-08-01,'300743,天地数码,60.46,63.0,60.0,62.99,62.54,-2.08,-3.3259,1368034,84599765.84
2018-07-31,'300743,天地数码,62.54,63.56,61.7,62.98,62.65,-0.11,-0.1756,1281657,80062805.91
2018-07-30,'300743,天地数码,62.65,64.46,61.61,63.85,63.75,-1.1,-1.7255,1652531,103641365.11
2018-07-27,'300743,天地数码,63.75,65.25,63.01,63.31,63.75,0.0,0.0,1579050,101337000.4
2018-07-26,'300743,天地数码,63.75,68.1,62.86,67.99,67.98,-4.23,-6.2224,3286956,213120628.32
2018-07-25,'300743,天地数码,67.98,72.69,67.78,72.0,71.26,-3.28,-4.6029,3368523,235713346.65
2018-07-24,'300743,天地数码,71.26,71.9,69.6,69.93,70.45,0.81,1.1498,2808147,199406976.16
2018-07-23,'300743,天地数码,70.45,70.49,66.8,69.03,70.33,0.12,0.1706,2453999,168689555.43
2018-07-20,'300743,天地数码,70.33,71.9,69.73,69.9,68.22,2.11,3.0929,3144799,222280030.52
2018-07-19,'300743,天地数码,68.22,69.5,66.2,69.14,68.65,-0.43,-0.6264,2565103,174107301.91
2018-07-18,'300743,天地数码,68.65,72.97,68.65,72.01,73.01,-4.36,-5.9718,3238477,228703960.35
2018-07-17,'300743,天地数码,73.01,74.0,70.55,70.94,70.86,2.15,3.0342,3621599,262619906.8
2018-07-16,'300743,天地数码,70.86,71.49,69.5,70.65,75.39,-4.53,-6.0088,3788172,266601989.98
2018-07-13,'300743,天地数码,75.39,78.8,75.36,78.6,80.22,-4.83,-6.0209,4710336,361988140.4
2018-07-12,'300743,天地数码,80.22,81.99,78.25,80.2,80.2,0.02,0.0249,6596012,526676390.8
2018-07-11,'300743,天地数码,80.2,80.5,74.52,74.8,78.59,1.61,2.0486,6802955,523022927.34
2018-07-10,'300743,天地数码,78.59,86.66,74.51,86.66,79.98,-1.39,-1.7379,9188628,743485082.14
2018-07-09,'300743,天地数码,79.98,79.98,76.83,77.35,72.71,7.27,9.9986,2825615,223756688.0
2018-07-06,'300743,天地数码,72.71,72.71,67.77,67.8,66.1,6.61,10.0,6999115,503628451.78
2018-07-05,'300743,天地数码,66.1,69.78,64.64,64.77,67.64,-1.54,-2.2768,4571329,308427284.62
2018-07-04,'300743,天地数码,67.64,73.98,67.64,72.77,75.16,-7.52,-10.0053,5994265,424608665.4
2018-07-03,'300743,天地数码,75.16,82.39,75.03,82.39,74.9,0.26,0.3471,8076690,640189859.12
2018-07-02,'300743,天地数码,74.9,77.96,73.0,75.0,70.87,4.03,5.6865,4876550,372863007.0
2018-06-29,'300743,天地数码,70.87,72.0,66.53,66.88,67.81,3.06,4.5126,4722371,331102101.54
2018-06-28,'300743,天地数码,67.81,72.38,67.5,68.8,69.95,-2.14,-3.0593,4242010,295641911.56
2018-06-27,'300743,天地数码,69.95,71.0,67.26,69.29,68.51,1.44,2.1019,4667921,322287437.15
2018-06-26,'300743,天地数码,68.51,71.0,62.01,63.0,64.9,3.61,5.5624,4883942,329828520.24
2018-06-25,'300743,天地数码,64.9,66.9,63.34,64.0,64.78,0.12,0.1852,3419285,224424867.37
2018-06-22,'300743,天地数码,64.78,66.5,62.28,63.0,64.93,-0.15,-0.231,3720712,241336116.14
2018-06-21,'300743,天地数码,64.93,67.7,61.2,66.65,68.0,-3.07,-4.5147,5202649,332272534.91
2018-06-20,'300743,天地数码,68.0,69.5,65.48,65.48,67.32,0.68,1.0101,3677061,247437549.77
2018-06-19,'300743,天地数码,67.32,73.53,67.32,71.8,74.8,-7.48,-10.0,3137250,218621761.5
2018-06-15,'300743,天地数码,74.8,75.8,71.38,74.54,73.73,1.07,1.4512,3465200,256942653.35
2018-06-14,'300743,天地数码,73.73,75.88,73.01,73.01,73.76,-0.03,-0.0407,2929650,217772621.0
2018-06-13,'300743,天地数码,73.76,77.93,73.33,76.0,79.27,-5.51,-6.9509,4477653,336628644.3
2018-06-12,'300743,天地数码,79.27,86.86,79.27,85.96,88.08,-8.81,-10.0023,5993016,482247234.14
2018-06-11,'300743,天地数码,88.08,91.8,86.0,86.01,87.69,0.39,0.4447,6150555,549907131.8
2018-06-08,'300743,天地数码,87.69,87.95,82.2,85.0,85.51,2.18,2.5494,4874199,412581460.41
2018-06-07,'300743,天地数码,85.51,89.43,84.2,84.89,83.79,1.72,2.0528,5975190,517835276.11
2018-06-06,'300743,天地数码,83.79,86.3,81.83,84.38,85.84,-2.05,-2.3882,5108954,427976415.7
2018-06-05,'300743,天地数码,85.84,88.0,78.65,80.18,80.01,5.83,7.2866,6498186,544364136.4
2018-06-04,'300743,天地数码,80.01,88.0,79.81,87.31,86.28,-6.27,-7.267,5602017,463466166.72
2018-06-01,'300743,天地数码,86.28,91.0,84.12,91.0,91.54,-5.26,-5.7461,6013539,524392662.07
2018-05-31,'300743,天地数码,91.54,92.99,83.54,92.08,90.73,0.81,0.8928,7100987,633008741.94
2018-05-30,'300743,天地数码,90.73,98.0,90.73,97.0,100.81,-10.08,-9.999,6353809,591946426.18
2018-05-29,'300743,天地数码,100.81,105.05,93.5,93.5,95.5,5.31,5.5602,9971535,1017913592.94
2018-05-28,'300743,天地数码,95.5,97.97,89.89,90.18,94.3,1.2,1.2725,6858640,644862693.49
2018-05-25,'300743,天地数码,94.3,102.0,93.92,98.0,102.58,-8.28,-8.0717,8581103,839254817.99
2018-05-24,'300743,天地数码,102.58,106.5,93.0,97.0,97.3,5.28,5.4265,13136379,1303454216.68
2018-05-23,'300743,天地数码,97.3,97.3,96.3,97.3,88.45,8.85,10.0057,4680004,455331980.2
2018-05-22,'300743,天地数码,88.45,88.45,88.45,88.45,80.41,8.04,9.9988,194821,17231917.45
2018-05-21,'300743,天地数码,80.41,80.41,80.41,80.41,73.1,7.31,10.0,694662,55857771.42
2018-05-18,'300743,天地数码,73.1,73.1,73.1,73.1,66.45,6.65,10.0075,502642,36743130.2
2018-05-17,'300743,天地数码,66.45,66.45,66.45,66.45,60.41,6.04,9.9983,113061,7512903.45
2018-05-16,'300743,天地数码,60.41,60.41,60.41,60.41,54.92,5.49,9.9964,139116,8403997.56
2018-05-15,'300743,天地数码,54.92,54.92,54.92,54.92,49.93,4.99,9.994,150792,8281496.64
2018-05-14,'300743,天地数码,49.93,49.93,49.93,49.93,45.39,4.54,10.0022,73918,3690725.74
2018-05-11,'300743,天地数码,45.39,45.39,45.39,45.39,41.26,4.13,10.0097,77700,3526803.0
2018-05-10,'300743,天地数码,41.26,41.26,41.26,41.26,37.51,3.75,9.9973,36500,1505990.0
2018-05-09,'300743,天地数码,37.51,37.51,37.51,37.51,34.1,3.41,10.0,32500,1219075.0
2018-05-08,'300743,天地数码,34.1,34.1,34.1,34.1,31.0,3.1,10.0,21200,722920.0
2018-05-07,'300743,天地数码,31.0,31.0,31.0,31.0,28.18,2.82,10.0071,11700,362700.0
2018-05-04,'300743,天地数码,28.18,28.18,28.18,28.18,25.62,2.56,9.9922,11100,312798.0
2018-05-03,'300743,天地数码,25.62,25.62,25.62,25.62,23.29,2.33,10.0043,3800,97356.0
2018-05-02,'300743,天地数码,23.29,23.29,23.29,23.29,21.17,2.12,10.0142,2810,65444.9
2018-04-27,'300743,N天地,21.17,21.17,19.4,19.4,14.7,6.47,44.0136,11801,249650.17
